slid,batch,cond_a
a_sid_01,all,pos
a_sid_02,all,pos
a_sid_03,all,pos
a_sid_04,all,pos
a_sid_05,all,pos
a_sid_06,all,pos
a_sid_07,all,pos
a_sid_08,all,pos
a_sid_09,all,pos
a_sid_10,all,pos
a_sid_11,all,pos
a_sid_12,all,pos
a_sid_13,all,pos
a_sid_14,all,pos
b_sid_01,all,neg
b_sid_02,all,neg
b_sid_03,all,neg
b_sid_04,all,neg
b_sid_05,all,neg
b_sid_06,all,neg
b_sid_07,all,neg
b_sid_08,all,neg
b_sid_09,all,neg
b_sid_10,all,neg
b_sid_11,all,neg
b_sid_12,all,neg
b_sid_13,all,neg
b_sid_14,all,neg
